{
    "slug": "dBiz",
    "name": "dBiz",
    "author": "Ghisleni Giovanni",
    "license": "BSD-3-Clause",
    "authorEmail": "giovanni.ghisleni@gmail.com",
    "authorUrl": "https://github.com/dBiz/",
    "sourceUrl": "https://github.com/dBiz/dBiz",
    "version": "1.0.0",
 
    "modules": [

        {
            "slug": "Multiple",
            "name": "Multiple",
            "tags": ["UTIL"]
        },
        {
            "slug": "Contorno",
            "name": "Contorno",
            "tags": ["Envelope Generator"]
        },
        
        {
            "slug": "Transpose",
            "name": "Transpose",
            "tags": ["UTIL"]
        },

        {
            "slug": "Utility",
            "name": "Utility",
            "tags": ["UTIL"]
        },

        {
            "slug": "Chord",
            "name": "Chord",
            "tags": ["Quantizer"]
        },

        {
            "slug": "Bene",
            "name": "Bene",
            "tags": ["Sequencer" ]
        },

        {
            "slug": "BenePads",
            "name": "BenePads",
            "tags": ["Utility"]
        },
        
        {
            "slug": "PerfMixer",
            "name": "PerfMixer",
            "tags": ["Mixer", "VCA"]
        },

        {
            "slug": "Remix",
            "name": "Remix",
            "tags": ["Mixer", "VCA"]
        },

        {
            "slug": "Smixer",
            "name": "Smixer",
            "tags": ["Mixer","VCA"]
        },

        {
            "slug": "VCA4",
            "name": "VCA4",
            "tags": ["Mixer", "VCA"]
             },
        
        {
            "slug": "VCA530",
            "name": "VCA530",   
            "tags": ["Mixer", "VCA"]
        },

        {
            "slug": "Verbo",
            "name": "Verbo",
            "tags": ["VCO"]
        },
            
        {
            "slug": "DVCO",
            "name": "DVCO",
            "tags": ["VCO"]
        },

        {
            "slug": "DAOSC",
            "name": "DAOSC",
            "tags": ["VCO"]
        },

        {
            "slug": "TROSC",
            "name": "TROSC",
            "tags": ["VCO"]
        },

        {
            "slug": "SuHa",
            "name": "SuHa",
            "tags": ["VCO"]
        },

        {
            "slug": "FourSeq",
            "name": "FourSeq",
            "tags": ["Sequencer"]
        },

        {
            "slug": "Divider",
            "name": "Divider",
            "tags": ["Utility"]
        },

        {
            "slug": "Util2",
            "name": "Util2",
            "tags": ["Utility"]
        },

        {
            "slug": "Smorph",
            "name": "Smorph",
            "tags": ["Sequencer"]
        }

        
    ]

}